date,price_per_lb
2015-08-03,128.14999389648438
2015-08-04,131.9499969482422
2015-08-05,131.75
2015-08-06,131.4499969482422
2015-08-07,132.4499969482422
2015-08-10,126.5999984741211
2015-08-11,131.39999389648438
2015-08-12,132.1999969482422
2015-08-13,131.0500030517578
2015-08-14,132.0500030517578
2015-08-17,131.60000610351562
2015-08-18,130.89999389648438
2015-08-19,132.4499969482422
2015-08-20,128.64999389648438
2015-08-21,127.69999694824219
2015-08-24,119.9000015258789
2015-08-25,119.94999694824219
2015-08-26,125.3499984741211
2015-08-27,130.0
2015-08-28,131.4499969482422
2015-08-31,129.60000610351562
2015-09-01,129.64999389648438
2015-09-02,129.0500030517578
2015-09-03,128.89999389648438
2015-09-04,129.1999969482422
2015-09-08,126.30000305175781
2015-09-09,124.1500015258789
2015-09-10,124.3499984741211
2015-09-11,123.94999694824219
2015-09-14,123.5
2015-09-15,122.30000305175781
2015-09-16,122.75
2015-09-17,120.94999694824219
2015-09-18,120.19999694824219
2015-09-21,119.80000305175781
2015-09-22,115.80000305175781
2015-09-23,110.9000015258789
2015-09-24,110.25
2015-09-25,108.05000305175781
2015-09-28,106.80000305175781
2015-09-29,106.19999694824219
2015-09-30,105.55000305175781
2015-10-01,105.3499984741211
2015-10-02,105.3499984741211
2015-10-05,106.30000305175781
2015-10-06,107.8499984741211
2015-10-07,108.69999694824219
2015-10-08,110.5999984741211
2015-10-09,115.9000015258789
2015-10-12,117.4000015258789
2015-10-13,121.0999984741211
2015-10-14,127.44999694824219
2015-10-15,131.14999389648438
2015-10-16,135.10000610351562
2015-10-19,138.5500030517578
2015-10-20,133.5
2015-10-21,134.0500030517578
2015-10-22,135.39999389648438
2015-10-23,135.85000610351562
2015-10-26,135.0
2015-10-27,138.10000610351562
2015-10-28,136.1999969482422
2015-10-29,134.1999969482422
2015-10-30,134.64999389648438
2015-11-02,133.89999389648438
2015-11-03,135.5500030517578
2015-11-04,134.64999389648438
2015-11-05,134.75
2015-11-06,138.35000610351562
2015-11-09,139.25
2015-11-10,149.0500030517578
2015-11-11,153.64999389648438
2015-11-12,156.25
2015-11-13,152.9499969482422
2015-11-16,153.5500030517578
2015-11-17,146.85000610351562
2015-11-18,151.85000610351562
2015-11-19,151.0500030517578
2015-11-20,150.0500030517578
2015-11-23,147.85000610351562
2015-11-24,146.64999389648438
2015-11-25,144.5
2015-11-27,143.1999969482422
2015-11-30,141.75
2015-12-01,140.4499969482422
2015-12-02,140.5
2015-12-03,140.6999969482422
2015-12-04,139.9499969482422
2015-12-07,143.1999969482422
2015-12-08,143.25
2015-12-09,151.85000610351562
2015-12-10,148.60000610351562
2015-12-11,150.10000610351562
2015-12-14,149.64999389648438
2015-12-15,147.0
2015-12-16,147.9499969482422
2015-12-17,144.5500030517578
2015-12-18,143.89999389648438
2015-12-21,143.6999969482422
2015-12-22,147.39999389648438
2015-12-23,148.85000610351562
2015-12-24,148.3000030517578
2015-12-28,150.39999389648438
2015-12-29,148.3000030517578
2015-12-30,138.5
2015-12-31,140.0
2016-01-04,143.60000610351562
2016-01-05,142.10000610351562
2016-01-06,143.0500030517578
2016-01-07,137.64999389648438
2016-01-08,130.85000610351562
2016-01-11,132.89999389648438
2016-01-12,132.0
2016-01-13,131.35000610351562
2016-01-14,130.25
2016-01-15,127.19999694824219
2016-01-19,125.05000305175781
2016-01-20,120.05000305175781
2016-01-21,120.69999694824219
2016-01-22,121.6500015258789
2016-01-25,123.94999694824219
2016-01-26,124.19999694824219
2016-01-27,124.25
2016-01-28,133.0500030517578
2016-01-29,132.39999389648438
2016-02-01,134.1999969482422
2016-02-02,136.5500030517578
2016-02-03,135.64999389648438
2016-02-04,136.64999389648438
2016-02-05,135.0500030517578
2016-02-08,133.35000610351562
2016-02-09,132.1999969482422
2016-02-10,131.5500030517578
2016-02-11,129.9499969482422
2016-02-12,129.8000030517578
2016-02-16,136.10000610351562
2016-02-17,131.5500030517578
2016-02-18,130.10000610351562
2016-02-19,130.60000610351562
2016-02-22,125.30000305175781
2016-02-23,126.5999984741211
2016-02-24,125.5
2016-02-25,127.05000305175781
2016-02-26,124.80000305175781
2016-02-29,121.4000015258789
2016-03-01,123.30000305175781
2016-03-02,122.8499984741211
2016-03-03,123.30000305175781
2016-03-04,119.80000305175781
2016-03-07,113.94999694824219
2016-03-08,118.3499984741211
2016-03-09,122.8499984741211
2016-03-10,119.69999694824219
2016-03-11,121.4000015258789
2016-03-14,127.3499984741211
2016-03-15,128.60000610351562
2016-03-16,127.8499984741211
2016-03-17,127.55000305175781
2016-03-18,127.75
2016-03-21,127.9000015258789
2016-03-22,134.0
2016-03-23,135.85000610351562
2016-03-24,135.89999389648438
2016-03-28,135.10000610351562
2016-03-29,136.6999969482422
2016-03-30,141.8000030517578
2016-03-31,147.1999969482422
2016-04-01,147.39999389648438
2016-04-04,143.6999969482422
2016-04-05,143.25
2016-04-06,144.89999389648438
2016-04-07,143.64999389648438
2016-04-08,138.89999389648438
2016-04-11,137.0500030517578
2016-04-12,135.9499969482422
2016-04-13,140.9499969482422
2016-04-14,140.6999969482422
2016-04-15,137.25
2016-04-18,138.14999389648438
2016-04-19,134.25
2016-04-20,129.5500030517578
2016-04-21,127.4000015258789
2016-04-22,125.75
2016-04-25,126.75
2016-04-26,123.25
2016-04-27,124.1500015258789
2016-04-28,126.1500015258789
2016-04-29,124.55000305175781
2016-05-02,134.35000610351562
2016-05-03,133.5
2016-05-04,139.8000030517578
2016-05-05,138.39999389648438
2016-05-06,142.10000610351562
2016-05-09,142.0500030517578
2016-05-10,145.4499969482422
2016-05-11,145.5500030517578
2016-05-12,146.9499969482422
2016-05-13,145.35000610351562
2016-05-16,143.5
2016-05-17,146.35000610351562
2016-05-18,145.89999389648438
2016-05-19,148.60000610351562
2016-05-20,150.10000610351562
2016-05-23,147.64999389648438
2016-05-24,145.5
2016-05-25,147.8000030517578
2016-05-26,148.0500030517578
2016-05-27,146.5
2016-05-31,152.5500030517578
2016-06-01,154.25
2016-06-02,157.0500030517578
2016-06-03,158.5
2016-06-06,167.1999969482422
2016-06-07,167.5
2016-06-08,164.3000030517578
2016-06-09,166.60000610351562
2016-06-10,167.5500030517578
2016-06-13,167.39999389648438
2016-06-14,163.75
2016-06-15,162.39999389648438
2016-06-16,166.0500030517578
2016-06-17,167.0500030517578
2016-06-20,166.89999389648438
2016-06-21,165.10000610351562
2016-06-22,164.1999969482422
2016-06-23,167.1999969482422
2016-06-24,166.3000030517578
2016-06-27,165.5
2016-06-28,166.1999969482422
2016-06-29,172.89999389648438
2016-06-30,177.14999389648438
2016-07-01,180.85000610351562
2016-07-05,186.64999389648438
2016-07-06,185.85000610351562
2016-07-07,186.75
2016-07-08,188.9499969482422
2016-07-11,179.6999969482422
2016-07-12,176.8000030517578
2016-07-13,181.10000610351562
2016-07-14,184.1999969482422
2016-07-15,183.85000610351562
2016-07-18,184.4499969482422
2016-07-19,182.85000610351562
2016-07-20,182.3000030517578
2016-07-21,180.6999969482422
2016-07-22,180.64999389648438
2016-07-25,187.35000610351562
2016-07-26,193.25
2016-07-27,189.8000030517578
2016-07-28,179.8000030517578
2016-07-29,174.64999389648438
2016-08-01,180.85000610351562
2016-08-02,170.85000610351562
2016-08-03,172.89999389648438
2016-08-04,175.14999389648438
2016-08-05,183.39999389648438
2016-08-08,177.1999969482422
2016-08-09,183.60000610351562
2016-08-10,181.10000610351562
2016-08-11,183.5500030517578
2016-08-12,180.9499969482422
2016-08-15,181.35000610351562
2016-08-16,178.60000610351562
2016-08-17,175.5500030517578
2016-08-18,176.5
2016-08-19,179.89999389648438
2016-08-22,179.0500030517578
2016-08-23,187.10000610351562
2016-08-24,188.0500030517578
2016-08-25,185.85000610351562
2016-08-26,186.5
2016-08-29,191.9499969482422
2016-08-30,188.85000610351562
2016-08-31,182.10000610351562
2016-09-01,190.89999389648438
2016-09-02,186.4499969482422
2016-09-06,191.8000030517578
2016-09-07,191.1999969482422
2016-09-08,195.64999389648438
2016-09-09,198.25
2016-09-12,192.0
2016-09-13,197.1999969482422
2016-09-14,195.5
2016-09-15,194.60000610351562
2016-09-16,196.6999969482422
2016-09-19,198.89999389648438
2016-09-20,204.39999389648438
2016-09-21,199.5500030517578
2016-09-22,204.0500030517578
2016-09-23,202.6999969482422
2016-09-26,204.35000610351562
2016-09-27,209.3000030517578
2016-09-28,206.85000610351562
2016-09-29,203.6999969482422
2016-09-30,205.0
2016-10-03,196.89999389648438
2016-10-04,202.1999969482422
2016-10-05,201.39999389648438
2016-10-06,199.64999389648438
2016-10-07,198.10000610351562
2016-10-11,200.0500030517578
2016-10-12,198.75
2016-10-13,191.4499969482422
2016-10-14,188.4499969482422
2016-10-17,188.6999969482422
2016-10-18,189.9499969482422
2016-10-19,196.14999389648438
2016-10-20,195.5
2016-10-21,200.5
2016-10-24,206.0
2016-10-25,207.6999969482422
2016-10-26,210.10000610351562
2016-10-27,215.10000610351562
2016-10-28,216.3000030517578
2016-10-31,221.9499969482422
2016-11-01,232.85000610351562
2016-11-02,229.75
2016-11-03,222.85000610351562
2016-11-04,227.6999969482422
2016-11-07,229.85000610351562
2016-11-08,222.25
2016-11-09,220.25
2016-11-10,217.14999389648438
2016-11-14,206.10000610351562
2016-11-15,208.64999389648438
2016-11-16,208.9499969482422
2016-11-17,212.39999389648438
2016-11-18,212.3000030517578
2016-11-21,212.60000610351562
2016-11-22,210.60000610351562
2016-11-23,212.25
2016-11-25,216.4499969482422
2016-11-28,214.4499969482422
2016-11-29,215.39999389648438
2016-11-30,217.60000610351562
2016-12-01,221.9499969482422
2016-12-02,220.64999389648438
2016-12-05,220.10000610351562
2016-12-06,217.0
2016-12-07,214.14999389648438
2016-12-08,213.39999389648438
2016-12-09,213.0
2016-12-12,204.5
2016-12-13,202.1999969482422
2016-12-14,201.60000610351562
2016-12-15,195.4499969482422
2016-12-16,195.0500030517578
2016-12-19,199.89999389648438
2016-12-20,201.8000030517578
2016-12-21,197.85000610351562
2016-12-22,194.35000610351562
2016-12-23,191.75
2016-12-27,190.6999969482422
2016-12-28,187.8000030517578
2016-12-29,194.35000610351562
2016-12-30,198.10000610351562
2017-01-03,197.0
2017-01-04,196.0500030517578
2017-01-05,190.89999389648438
2017-01-06,185.5500030517578
2017-01-09,181.89999389648438
2017-01-10,182.5
2017-01-11,183.89999389648438
2017-01-12,184.5
2017-01-13,183.14999389648438
2017-01-17,173.60000610351562
2017-01-18,169.75
2017-01-19,167.6999969482422
2017-01-20,166.25
2017-01-23,162.4499969482422
2017-01-24,165.5500030517578
2017-01-25,166.64999389648438
2017-01-26,164.35000610351562
2017-01-27,173.1999969482422
2017-01-30,177.85000610351562
2017-01-31,172.89999389648438
2017-02-01,171.35000610351562
2017-02-02,166.39999389648438
2017-02-03,167.0
2017-02-06,165.5
2017-02-07,170.0
2017-02-08,173.0
2017-02-09,174.0
2017-02-10,169.9499969482422
2017-02-13,167.10000610351562
2017-02-14,170.0
2017-02-15,173.0
2017-02-16,174.5
2017-02-17,176.25
2017-02-21,175.4499969482422
2017-02-22,173.85000610351562
2017-02-23,175.8000030517578
2017-02-24,172.0500030517578
2017-02-27,162.0500030517578
2017-02-28,164.8000030517578
2017-03-01,166.5500030517578
2017-03-02,170.60000610351562
2017-03-03,174.85000610351562
2017-03-06,179.8000030517578
2017-03-07,179.0
2017-03-08,175.10000610351562
2017-03-09,176.75
2017-03-10,172.10000610351562
2017-03-13,175.3000030517578
2017-03-14,175.3000030517578
2017-03-15,178.10000610351562
2017-03-16,177.5
2017-03-17,180.9499969482422
2017-03-20,182.85000610351562
2017-03-21,190.3000030517578
2017-03-22,189.0
2017-03-23,185.14999389648438
2017-03-24,180.35000610351562
2017-03-27,175.0
2017-03-28,170.5
2017-03-29,168.75
2017-03-30,160.5500030517578
2017-03-31,157.0
2017-04-03,154.0
2017-04-04,155.10000610351562
2017-04-05,160.75
2017-04-06,162.0500030517578
2017-04-07,167.39999389648438
2017-04-10,167.60000610351562
2017-04-11,161.75
2017-04-12,161.14999389648438
2017-04-13,160.75
2017-04-17,158.89999389648438
2017-04-18,163.64999389648438
2017-04-19,166.14999389648438
2017-04-20,161.0500030517578
2017-04-21,160.0
2017-04-24,157.39999389648438
2017-04-25,158.0500030517578
2017-04-26,160.75
2017-04-27,156.1999969482422
2017-04-28,158.10000610351562
2017-05-01,161.25
2017-05-02,159.64999389648438
2017-05-03,154.85000610351562
2017-05-04,150.8000030517578
2017-05-05,147.25
2017-05-08,149.10000610351562
2017-05-09,147.89999389648438
2017-05-10,143.14999389648438
2017-05-11,145.0
2017-05-12,147.5500030517578
2017-05-15,144.25
2017-05-16,143.35000610351562
2017-05-17,141.89999389648438
2017-05-18,141.10000610351562
2017-05-19,139.75
2017-05-22,136.0500030517578
2017-05-23,135.8000030517578
2017-05-24,135.89999389648438
2017-05-25,135.9499969482422
2017-05-26,138.60000610351562
2017-05-30,136.4499969482422
2017-05-31,133.5500030517578
2017-06-01,131.89999389648438
2017-06-02,132.5
2017-06-05,135.75
2017-06-06,132.5500030517578
2017-06-07,131.89999389648438
2017-06-08,136.9499969482422
2017-06-09,138.8000030517578
2017-06-12,138.14999389648438
2017-06-13,141.0500030517578
2017-06-14,140.25
2017-06-15,142.75
2017-06-16,141.75
2017-06-19,139.0
2017-06-20,135.60000610351562
2017-06-21,131.39999389648438
2017-06-22,131.9499969482422
2017-06-23,137.64999389648438
2017-06-26,140.89999389648438
2017-06-27,142.9499969482422
2017-06-28,139.14999389648438
2017-06-29,132.89999389648438
2017-06-30,129.85000610351562
2017-07-03,131.64999389648438
2017-07-05,137.5
2017-07-06,134.8000030517578
2017-07-07,132.0
2017-07-10,132.85000610351562
2017-07-11,131.0
2017-07-12,128.8000030517578
2017-07-13,128.9499969482422
2017-07-14,126.9000015258789
2017-07-17,126.69999694824219
2017-07-18,126.69999694824219
2017-07-19,125.5
2017-07-20,125.80000305175781
2017-07-21,130.39999389648438
2017-07-24,134.5
2017-07-25,132.64999389648438
2017-07-26,134.0500030517578
2017-07-27,137.75
2017-07-28,136.3000030517578
2017-07-31,131.64999389648438
2017-08-01,132.10000610351562
2017-08-02,133.89999389648438
2017-08-03,133.3000030517578
2017-08-04,135.3000030517578
2017-08-07,134.10000610351562
2017-08-08,131.5500030517578
2017-08-09,133.4499969482422
2017-08-10,135.5500030517578
2017-08-11,136.10000610351562
2017-08-14,136.0500030517578
2017-08-15,139.3000030517578
2017-08-16,141.64999389648438
2017-08-17,144.10000610351562
2017-08-18,140.3000030517578
2017-08-21,135.39999389648438
2017-08-22,131.89999389648438
2017-08-23,134.85000610351562
2017-08-24,138.4499969482422
2017-08-25,135.39999389648438
2017-08-28,132.75
2017-08-29,130.85000610351562
2017-08-30,133.5
2017-08-31,137.64999389648438
2017-09-01,138.60000610351562
2017-09-05,145.5
2017-09-06,145.4499969482422
2017-09-07,150.35000610351562
2017-09-08,154.5
2017-09-11,154.10000610351562
2017-09-12,157.14999389648438
2017-09-13,155.64999389648438
2017-09-14,150.8000030517578
2017-09-15,149.64999389648438
2017-09-18,151.35000610351562
2017-09-19,152.14999389648438
2017-09-20,154.6999969482422
2017-09-21,152.25
2017-09-22,146.8000030517578
2017-09-25,145.5500030517578
2017-09-26,147.8000030517578
2017-09-27,149.9499969482422
2017-09-28,147.0
2017-09-29,148.35000610351562
2017-10-02,153.0
2017-10-03,155.3000030517578
2017-10-04,158.1999969482422
2017-10-05,159.1999969482422
2017-10-06,157.14999389648438
2017-10-09,157.5
2017-10-10,161.25
2017-10-11,162.60000610351562
2017-10-12,158.89999389648438
2017-10-13,151.60000610351562
2017-10-16,152.35000610351562
2017-10-17,152.75
2017-10-18,150.3000030517578
2017-10-19,152.10000610351562
2017-10-20,156.0
2017-10-23,152.75
2017-10-24,151.60000610351562
2017-10-25,153.35000610351562
2017-10-26,153.6999969482422
2017-10-27,155.5500030517578
2017-10-30,156.8000030517578
2017-10-31,156.25
2017-11-01,152.89999389648438
2017-11-02,155.75
2017-11-03,157.85000610351562
2017-11-06,160.39999389648438
2017-11-07,160.0500030517578
2017-11-08,161.3000030517578
2017-11-09,161.35000610351562
2017-11-10,162.60000610351562
2017-11-13,160.60000610351562
2017-11-14,161.39999389648438
2017-11-15,163.0
2017-11-16,166.10000610351562
2017-11-17,166.8000030517578
2017-11-20,167.3000030517578
2017-11-21,166.75
2017-11-22,166.75
2017-11-24,165.89999389648438
2017-11-27,166.8000030517578
2017-11-28,165.3000030517578
2017-11-29,163.5
2017-11-30,160.10000610351562
2017-12-01,162.6999969482422
2017-12-04,161.8000030517578
2017-12-05,162.0500030517578
2017-12-06,157.6999969482422
2017-12-07,153.4499969482422
2017-12-08,152.85000610351562
2017-12-11,151.0
2017-12-12,149.9499969482422
2017-12-13,148.4499969482422
2017-12-14,146.89999389648438
2017-12-15,144.5
2017-12-18,141.0500030517578
2017-12-19,140.8000030517578
2017-12-20,138.9499969482422
2017-12-21,137.0500030517578
2017-12-22,135.25
2017-12-26,134.0500030517578
2017-12-27,133.14999389648438
2017-12-28,136.6999969482422
2017-12-29,136.0
2018-01-02,135.6999969482422
2018-01-03,139.5
2018-01-04,139.5
2018-01-05,138.85000610351562
2018-01-08,138.0
2018-01-09,135.39999389648438
2018-01-10,134.85000610351562
2018-01-11,136.5
2018-01-12,136.1999969482422
2018-01-16,140.39999389648438
2018-01-17,140.0
2018-01-18,145.25
2018-01-19,146.5
2018-01-22,148.4499969482422
2018-01-23,148.39999389648438
2018-01-24,147.9499969482422
2018-01-25,149.64999389648438
2018-01-26,149.8000030517578
2018-01-29,152.60000610351562
2018-01-30,148.10000610351562
2018-01-31,148.6999969482422
2018-02-01,149.0
2018-02-02,147.0
2018-02-05,143.75
2018-02-06,146.3000030517578
2018-02-07,145.4499969482422
2018-02-08,147.5
2018-02-09,147.60000610351562
2018-02-12,148.39999389648438
2018-02-13,147.8000030517578
2018-02-14,148.39999389648438
2018-02-15,148.9499969482422
2018-02-16,151.1999969482422
2018-02-20,146.39999389648438
2018-02-21,143.14999389648438
2018-02-22,146.14999389648438
2018-02-23,148.3000030517578
2018-02-26,148.0
2018-02-27,146.14999389648438
2018-02-28,143.39999389648438
2018-03-01,138.4499969482422
2018-03-02,138.10000610351562
2018-03-05,139.89999389648438
2018-03-06,141.9499969482422
2018-03-07,141.14999389648438
2018-03-08,138.5
2018-03-09,139.85000610351562
2018-03-12,138.8000030517578
2018-03-13,138.0
2018-03-14,139.39999389648438
2018-03-15,138.8000030517578
2018-03-16,138.3000030517578
2018-03-19,138.0
2018-03-20,137.39999389648438
2018-03-21,137.14999389648438
2018-03-22,136.0
2018-03-23,135.25
2018-03-26,137.89999389648438
2018-03-27,137.6999969482422
2018-03-28,141.10000610351562
2018-03-29,141.10000610351562
2018-04-02,139.1999969482422
2018-04-03,138.35000610351562
2018-04-04,138.85000610351562
2018-04-05,137.75
2018-04-06,137.4499969482422
2018-04-09,138.5
2018-04-10,138.25
2018-04-11,139.25
2018-04-12,139.9499969482422
2018-04-13,141.0500030517578
2018-04-16,143.5
2018-04-17,145.64999389648438
2018-04-18,144.6999969482422
2018-04-19,143.14999389648438
2018-04-20,143.25
2018-04-23,145.85000610351562
2018-04-24,147.5500030517578
2018-04-25,147.5
2018-04-26,152.14999389648438
2018-04-27,153.6999969482422
2018-04-30,154.9499969482422
2018-05-01,157.5500030517578
2018-05-02,159.9499969482422
2018-05-03,159.64999389648438
2018-05-04,162.4499969482422
2018-05-07,165.64999389648438
2018-05-08,162.5
2018-05-09,167.75
2018-05-10,169.64999389648438
2018-05-11,169.35000610351562
2018-05-14,171.35000610351562
2018-05-15,169.89999389648438
2018-05-16,170.0500030517578
2018-05-17,169.9499969482422
2018-05-18,166.1999969482422
2018-05-21,167.4499969482422
2018-05-22,168.5500030517578
2018-05-23,169.0
2018-05-24,168.39999389648438
2018-05-25,169.3000030517578
2018-05-29,169.89999389648438
2018-05-30,162.6999969482422
2018-05-31,161.8000030517578
2018-06-01,165.3000030517578
2018-06-04,165.1999969482422
2018-06-05,165.0
2018-06-06,165.89999389648438
2018-06-07,164.85000610351562
2018-06-08,159.1999969482422
2018-06-11,157.0
2018-06-12,154.3000030517578
2018-06-13,153.25
2018-06-14,155.5
2018-06-15,159.89999389648438
2018-06-18,158.0
2018-06-19,156.89999389648438
2018-06-20,156.9499969482422
2018-06-21,155.39999389648438
2018-06-22,160.6999969482422
2018-06-25,157.3000030517578
2018-06-26,155.89999389648438
2018-06-27,157.39999389648438
2018-06-28,159.3000030517578
2018-06-29,159.5500030517578
2018-07-02,165.8000030517578
2018-07-03,166.5
2018-07-05,168.0500030517578
2018-07-06,168.39999389648438
2018-07-09,168.75
2018-07-10,166.75
2018-07-11,166.6999969482422
2018-07-12,167.60000610351562
2018-07-13,168.8000030517578
2018-07-16,170.64999389648438
2018-07-17,171.3000030517578
2018-07-18,169.60000610351562
2018-07-19,169.9499969482422
2018-07-20,170.9499969482422
2018-07-23,167.85000610351562
2018-07-24,163.14999389648438
2018-07-25,164.75
2018-07-26,163.89999389648438
2018-07-27,163.8000030517578
2018-07-30,169.10000610351562
2018-07-31,167.39999389648438
2018-08-01,169.14999389648438
2018-08-02,167.75
2018-08-03,168.89999389648438
2018-08-06,166.39999389648438
2018-08-07,164.5
2018-08-08,164.1999969482422
2018-08-09,164.35000610351562
2018-08-10,161.8000030517578
2018-08-13,158.5
2018-08-14,155.75
2018-08-15,155.1999969482422
2018-08-16,154.35000610351562
2018-08-17,155.35000610351562
2018-08-20,155.3000030517578
2018-08-21,154.85000610351562
2018-08-22,155.85000610351562
2018-08-23,156.0
2018-08-24,156.14999389648438
2018-08-27,158.0500030517578
2018-08-28,154.3000030517578
2018-08-29,154.5
2018-08-30,157.0
2018-08-31,157.85000610351562
2018-09-04,158.64999389648438
2018-09-05,156.60000610351562
2018-09-06,156.39999389648438
2018-09-07,159.5500030517578
2018-09-10,158.9499969482422
2018-09-11,157.1999969482422
2018-09-12,153.85000610351562
2018-09-13,153.60000610351562
2018-09-14,153.5
2018-09-17,152.5
2018-09-18,146.8000030517578
2018-09-19,146.60000610351562
2018-09-20,147.39999389648438
2018-09-21,147.25
2018-09-24,146.4499969482422
2018-09-25,149.8000030517578
2018-09-26,147.8000030517578
2018-09-27,146.85000610351562
2018-09-28,147.60000610351562
2018-10-01,146.10000610351562
2018-10-02,146.75
2018-10-03,146.5
2018-10-04,144.60000610351562
2018-10-05,143.1999969482422
2018-10-08,145.10000610351562
2018-10-09,142.39999389648438
2018-10-10,143.6999969482422
2018-10-11,142.6999969482422
2018-10-12,144.14999389648438
2018-10-15,144.85000610351562
2018-10-16,145.10000610351562
2018-10-17,142.75
2018-10-18,142.8000030517578
2018-10-19,139.5
2018-10-22,137.89999389648438
2018-10-23,137.75
2018-10-24,139.9499969482422
2018-10-25,138.14999389648438
2018-10-26,135.60000610351562
2018-10-29,138.1999969482422
2018-10-30,135.5500030517578
2018-10-31,135.6999969482422
2018-11-01,136.14999389648438
2018-11-02,137.0500030517578
2018-11-05,137.35000610351562
2018-11-06,136.0500030517578
2018-11-07,136.85000610351562
2018-11-08,136.0
2018-11-09,135.3000030517578
2018-11-12,135.4499969482422
2018-11-13,134.14999389648438
2018-11-14,133.5500030517578
2018-11-15,133.10000610351562
2018-11-16,137.3000030517578
2018-11-19,140.35000610351562
2018-11-20,139.1999969482422
2018-11-21,140.1999969482422
2018-11-23,141.60000610351562
2018-11-26,140.0500030517578
2018-11-27,139.3000030517578
2018-11-28,139.6999969482422
2018-11-29,144.5500030517578
2018-11-30,143.9499969482422
2018-12-03,143.3000030517578
2018-12-04,144.1999969482422
2018-12-06,141.5
2018-12-07,143.10000610351562
2018-12-10,139.39999389648438
2018-12-11,137.8000030517578
2018-12-12,138.5
2018-12-13,138.64999389648438
2018-12-14,139.14999389648438
2018-12-17,139.60000610351562
2018-12-18,137.14999389648438
2018-12-19,136.3000030517578
2018-12-20,131.5
2018-12-21,130.4499969482422
2018-12-24,128.64999389648438
2018-12-26,128.1999969482422
2018-12-27,123.80000305175781
2018-12-28,126.0
2018-12-31,125.1500015258789
2019-01-02,122.4000015258789
2019-01-03,121.6500015258789
2019-01-04,121.30000305175781
2019-01-07,121.94999694824219
2019-01-08,122.30000305175781
2019-01-09,123.55000305175781
2019-01-10,120.69999694824219
2019-01-11,121.0
2019-01-14,120.75
2019-01-15,121.4000015258789
2019-01-16,120.9000015258789
2019-01-17,119.5
2019-01-18,119.8499984741211
2019-01-22,119.19999694824219
2019-01-23,117.9000015258789
2019-01-24,119.1500015258789
2019-01-25,119.4000015258789
2019-01-28,118.3499984741211
2019-01-29,117.44999694824219
2019-01-30,117.0
2019-01-31,120.0999984741211
2019-02-01,122.25
2019-02-04,119.05000305175781
2019-02-05,120.0
2019-02-06,120.44999694824219
2019-02-07,119.8499984741211
2019-02-08,120.94999694824219
2019-02-11,118.3499984741211
2019-02-12,118.9000015258789
2019-02-13,119.0999984741211
2019-02-14,117.69999694824219
2019-02-15,115.19999694824219
2019-02-19,118.80000305175781
2019-02-20,119.8499984741211
2019-02-21,120.05000305175781
2019-02-22,121.30000305175781
2019-02-25,118.44999694824219
2019-02-26,116.6500015258789
2019-02-27,113.1500015258789
2019-02-28,114.30000305175781
2019-03-01,114.05000305175781
2019-03-04,114.3499984741211
2019-03-05,112.6500015258789
2019-03-06,112.19999694824219
2019-03-07,111.94999694824219
2019-03-08,111.55000305175781
2019-03-11,112.94999694824219
2019-03-12,123.5
2019-03-13,123.44999694824219
2019-03-14,124.9000015258789
2019-03-15,126.4000015258789
2019-03-18,128.5
2019-03-19,129.25
2019-03-20,130.10000610351562
2019-03-21,127.5
2019-03-22,129.85000610351562
2019-03-25,128.85000610351562
2019-03-26,128.5
2019-03-27,123.0
2019-03-28,123.80000305175781
2019-03-29,119.9000015258789
2019-04-01,123.5999984741211
2019-04-02,121.6500015258789
2019-04-03,120.4000015258789
2019-04-04,117.69999694824219
2019-04-05,116.75
2019-04-08,111.44999694824219
2019-04-09,109.4000015258789
2019-04-10,108.5999984741211
2019-04-11,107.1500015258789
2019-04-12,106.69999694824219
2019-04-15,109.8499984741211
2019-04-16,107.44999694824219
2019-04-17,109.6500015258789
2019-04-18,107.25
2019-04-22,106.05000305175781
2019-04-23,101.0
2019-04-24,100.44999694824219
2019-04-25,100.75
2019-04-26,99.80000305175781
2019-04-29,96.69999694824219
2019-04-30,94.80000305175781
2019-05-01,94.05000305175781
2019-05-02,92.94999694824219
2019-05-03,93.55000305175781
2019-05-06,91.9000015258789
2019-05-07,91.25
2019-05-08,95.1500015258789
2019-05-09,93.80000305175781
2019-05-10,95.3499984741211
2019-05-13,95.80000305175781
2019-05-14,101.69999694824219
2019-05-15,106.9000015258789
2019-05-16,102.5
2019-05-17,96.75
2019-05-20,100.25
2019-05-21,98.0
2019-05-22,98.19999694824219
2019-05-23,99.69999694824219
2019-05-24,100.94999694824219
2019-05-28,104.4000015258789
2019-05-29,103.19999694824219
2019-05-30,104.55000305175781
2019-05-31,108.4000015258789
2019-06-03,110.9000015258789
2019-06-04,108.55000305175781
2019-06-05,103.75
2019-06-06,107.30000305175781
2019-06-07,106.0999984741211
2019-06-10,101.6500015258789
2019-06-11,103.44999694824219
2019-06-12,101.55000305175781
2019-06-13,102.75
2019-06-14,104.5
2019-06-17,104.75
2019-06-18,101.69999694824219
2019-06-19,98.80000305175781
2019-06-20,99.80000305175781
2019-06-21,100.0
2019-06-24,99.25
2019-06-25,100.55000305175781
2019-06-26,98.9000015258789
2019-06-27,99.30000305175781
2019-06-28,100.94999694824219
2019-07-01,98.30000305175781
2019-07-02,95.9000015258789
2019-07-03,96.5
2019-07-05,97.69999694824219
2019-07-08,103.1500015258789
2019-07-09,100.69999694824219
2019-07-10,100.9000015258789
2019-07-11,100.19999694824219
2019-07-12,103.4000015258789
2019-07-15,101.25
2019-07-16,104.69999694824219
2019-07-17,103.05000305175781
2019-07-18,100.5
2019-07-19,104.0999984741211
2019-07-22,103.05000305175781
2019-07-23,101.5
2019-07-24,103.9000015258789
2019-07-25,104.1500015258789
2019-07-26,102.44999694824219
2019-07-29,101.69999694824219
2019-07-30,102.3499984741211
2019-07-31,103.44999694824219
2019-08-01,100.69999694824219
2019-08-02,99.19999694824219
2019-08-05,98.5
2019-08-06,102.9000015258789
2019-08-07,101.0
2019-08-08,101.80000305175781
2019-08-09,102.30000305175781
2019-08-12,98.8499984741211
2019-08-13,98.80000305175781
2019-08-14,98.80000305175781
2019-08-15,97.5999984741211
2019-08-16,98.80000305175781
2019-08-19,94.4000015258789
2019-08-20,95.69999694824219
2019-08-21,97.9000015258789
2019-08-22,96.94999694824219
2019-08-23,96.05000305175781
2019-08-26,98.5
2019-08-27,99.25
2019-08-28,102.25
2019-08-29,104.55000305175781
2019-08-30,100.5
2019-09-03,97.80000305175781
2019-09-04,100.3499984741211
2019-09-05,104.0
2019-09-06,101.75
2019-09-09,101.6500015258789
2019-09-10,103.5999984741211
2019-09-11,105.25
2019-09-12,103.0
2019-09-13,101.94999694824219
2019-09-16,102.05000305175781
2019-09-17,100.8499984741211
2019-09-18,99.0999984741211
2019-09-19,98.6500015258789
2019-09-20,100.1500015258789
2019-09-23,100.0999984741211
2019-09-24,98.25
2019-09-25,97.0
2019-09-26,97.5
2019-09-27,99.8499984741211
2019-09-30,99.75
2019-10-01,98.75
2019-10-02,99.0999984741211
2019-10-03,99.9000015258789
2019-10-04,100.05000305175781
2019-10-07,103.44999694824219
2019-10-08,102.30000305175781
2019-10-09,97.75
2019-10-10,97.0
2019-10-11,97.4000015258789
2019-10-14,99.4000015258789
2019-10-15,100.1500015258789
2019-10-16,100.44999694824219
2019-10-17,99.80000305175781
2019-10-18,99.3499984741211
2019-10-21,98.1500015258789
2019-10-22,97.94999694824219
2019-10-23,98.19999694824219
2019-10-24,97.80000305175781
2019-10-25,98.05000305175781
2019-10-28,93.4000015258789
2019-10-29,94.69999694824219
2019-10-30,95.0999984741211
2019-10-31,95.8499984741211
2019-11-01,95.1500015258789
2019-11-04,95.19999694824219
2019-11-05,96.3499984741211
2019-11-06,95.4000015258789
2019-11-07,96.05000305175781
2019-11-08,97.30000305175781
2019-11-11,98.0999984741211
2019-11-12,98.55000305175781
2019-11-13,100.0999984741211
2019-11-14,100.44999694824219
2019-11-15,100.5
2019-11-18,98.55000305175781
2019-11-19,98.1500015258789
2019-11-20,99.4000015258789
2019-11-21,98.0999984741211
2019-11-22,98.1500015258789
2019-11-25,99.55000305175781
2019-11-26,99.75
2019-11-27,99.80000305175781
2019-11-29,98.5999984741211
2019-12-02,96.44999694824219
2019-12-03,96.6500015258789
2019-12-04,95.44999694824219
2019-12-05,95.75
2019-12-06,95.1500015258789
2019-12-09,97.1500015258789
2019-12-10,98.8499984741211
2019-12-11,98.25
2019-12-12,97.44999694824219
2019-12-13,97.3499984741211
2019-12-16,98.1500015258789
2019-12-17,97.30000305175781
2019-12-18,97.69999694824219
2019-12-19,99.75
2019-12-20,100.6500015258789
2019-12-23,101.19999694824219
2019-12-24,99.8499984741211
2019-12-26,96.5999984741211
2019-12-27,97.4000015258789
2019-12-30,95.0999984741211
2019-12-31,97.19999694824219
2020-01-02,94.8499984741211
2020-01-03,95.5999984741211
2020-01-06,101.5
2020-01-07,101.6500015258789
2020-01-08,100.94999694824219
2020-01-09,99.0
2020-01-10,99.0999984741211
2020-01-13,95.5999984741211
2020-01-14,96.55000305175781
2020-01-15,96.5999984741211
2020-01-16,95.6500015258789
2020-01-17,95.05000305175781
2020-01-21,95.80000305175781
2020-01-22,96.30000305175781
2020-01-23,94.94999694824219
2020-01-24,95.75
2020-01-27,95.3499984741211
2020-01-28,96.3499984741211
2020-01-29,97.0999984741211
2020-01-30,95.44999694824219
2020-01-31,95.94999694824219
2020-02-03,94.5999984741211
2020-02-04,93.5
2020-02-05,93.75
2020-02-06,94.69999694824219
2020-02-07,94.8499984741211
2020-02-10,98.19999694824219
2020-02-11,99.30000305175781
2020-02-12,98.0
2020-02-13,99.1500015258789
2020-02-14,99.1500015258789
2020-02-18,98.69999694824219
2020-02-19,100.4000015258789
2020-02-20,98.44999694824219
2020-02-21,99.19999694824219
2020-02-24,96.8499984741211
2020-02-25,97.6500015258789
2020-02-26,97.6500015258789
2020-02-27,99.30000305175781
2020-02-28,101.8499984741211
2020-03-02,105.69999694824219
2020-03-03,104.80000305175781
2020-03-04,104.8499984741211
2020-03-05,103.69999694824219
2020-03-06,103.1500015258789
2020-03-09,100.5
2020-03-10,102.6500015258789
2020-03-11,104.19999694824219
2020-03-12,96.80000305175781
2020-03-13,98.69999694824219
2020-03-16,98.9000015258789
2020-03-17,101.0
2020-03-18,97.19999694824219
2020-03-19,99.0
2020-03-20,105.55000305175781
2020-03-23,110.25
2020-03-24,116.9000015258789
2020-03-25,121.0999984741211
2020-03-26,121.6500015258789
2020-03-27,118.19999694824219
2020-03-30,119.4000015258789
2020-03-31,120.19999694824219
2020-04-01,118.8499984741211
2020-04-02,116.0
2020-04-03,112.5
2020-04-06,109.5
2020-04-07,105.94999694824219
2020-04-08,104.30000305175781
2020-04-09,109.75
2020-04-13,104.55000305175781
2020-04-14,106.94999694824219
2020-04-15,108.30000305175781
2020-04-16,108.8499984741211
2020-04-17,106.5999984741211
2020-04-20,108.69999694824219
2020-04-21,108.94999694824219
2020-04-22,110.05000305175781
2020-04-23,111.0
2020-04-24,111.1500015258789
2020-04-27,112.5999984741211
2020-04-28,113.5999984741211
2020-04-29,113.8499984741211
2020-04-30,108.30000305175781
2020-05-01,110.5999984741211
2020-05-04,114.4000015258789
2020-05-05,118.44999694824219
2020-05-06,120.4000015258789
2020-05-07,120.4000015258789
2020-05-08,120.5
2020-05-11,115.55000305175781
2020-05-12,115.6500015258789
2020-05-13,117.30000305175781
2020-05-14,119.55000305175781
2020-05-15,123.55000305175781
2020-05-18,126.80000305175781
2020-05-19,127.75
2020-05-20,124.94999694824219
2020-05-21,127.0
2020-05-22,126.80000305175781
2020-05-26,128.6999969482422
2020-05-27,129.39999389648438
2020-05-28,127.80000305175781
2020-05-29,122.5
2020-06-01,124.05000305175781
2020-06-02,126.4000015258789
2020-06-03,128.1999969482422
2020-06-04,125.1500015258789
2020-06-05,127.55000305175781
2020-06-08,125.3499984741211
2020-06-09,125.9000015258789
2020-06-10,126.5
2020-06-11,129.3000030517578
2020-06-12,122.8499984741211
2020-06-15,118.55000305175781
2020-06-16,115.94999694824219
2020-06-17,120.55000305175781
2020-06-18,117.4000015258789
2020-06-19,119.05000305175781
2020-06-22,121.0
2020-06-23,119.8499984741211
2020-06-24,119.80000305175781
2020-06-25,120.30000305175781
2020-06-26,119.5
2020-06-29,120.9000015258789
2020-06-30,127.30000305175781
2020-07-01,122.6500015258789
2020-07-02,123.75
2020-07-06,126.94999694824219
2020-07-07,125.25
2020-07-08,127.9000015258789
2020-07-09,128.60000610351562
2020-07-10,128.9499969482422
2020-07-13,129.3000030517578
2020-07-14,126.55000305175781
2020-07-15,124.80000305175781
2020-07-16,122.19999694824219
2020-07-17,127.30000305175781
2020-07-20,123.0999984741211
2020-07-21,122.8499984741211
2020-07-22,125.80000305175781
2020-07-23,123.0999984741211
2020-07-24,124.5
2020-07-27,121.69999694824219
2020-07-28,120.0
2020-07-29,122.05000305175781
2020-07-30,120.69999694824219
2020-07-31,121.75
2020-08-03,122.9000015258789
2020-08-04,118.69999694824219
2020-08-05,115.1500015258789
2020-08-06,115.19999694824219
2020-08-07,114.3499984741211
2020-08-10,112.5
2020-08-11,114.5999984741211
2020-08-12,115.44999694824219
2020-08-13,120.0
2020-08-14,119.6500015258789
2020-08-17,116.80000305175781
2020-08-18,119.8499984741211
2020-08-19,119.75
2020-08-20,118.30000305175781
2020-08-21,116.80000305175781
2020-08-24,117.3499984741211
2020-08-25,116.30000305175781
2020-08-26,113.75
2020-08-27,112.55000305175781
2020-08-28,114.05000305175781
2020-08-31,113.80000305175781
2020-09-01,112.1500015258789
2020-09-02,113.4000015258789
2020-09-03,120.4000015258789
2020-09-04,121.75
2020-09-08,119.5999984741211
2020-09-09,115.8499984741211
2020-09-10,118.4000015258789
2020-09-11,116.6500015258789
2020-09-14,115.94999694824219
2020-09-15,115.6500015258789
2020-09-16,116.4000015258789
2020-09-17,117.1500015258789
2020-09-18,118.30000305175781
2020-09-21,115.69999694824219
2020-09-22,112.9000015258789
2020-09-23,108.75
2020-09-24,106.9000015258789
2020-09-25,105.75
2020-09-28,107.0999984741211
2020-09-29,110.80000305175781
2020-09-30,113.69999694824219
2020-10-01,114.0
2020-10-02,111.75
2020-10-05,113.75
2020-10-06,114.05000305175781
2020-10-07,112.80000305175781
2020-10-08,113.05000305175781
2020-10-09,115.19999694824219
2020-10-12,117.3499984741211
2020-10-13,117.80000305175781
2020-10-14,115.80000305175781
2020-10-15,117.30000305175781
2020-10-16,115.0999984741211
2020-10-19,116.8499984741211
2020-10-20,118.0
2020-10-21,111.6500015258789
2020-10-22,111.25
2020-10-23,115.0
2020-10-26,117.0999984741211
2020-10-27,117.25
2020-10-28,117.69999694824219
2020-10-29,115.9000015258789
2020-10-30,117.94999694824219
2020-11-02,118.0999984741211
2020-11-03,114.19999694824219
2020-11-04,114.69999694824219
2020-11-05,113.6500015258789
2020-11-06,113.80000305175781
2020-11-09,113.9000015258789
2020-11-10,117.19999694824219
2020-11-11,118.0
2020-11-12,119.75
2020-11-13,122.5999984741211
2020-11-16,125.75
2020-11-17,126.9000015258789
2020-11-18,128.35000610351562
2020-11-19,127.9000015258789
2020-11-20,127.69999694824219
2020-11-23,127.6500015258789
2020-11-24,127.69999694824219
2020-11-25,127.3499984741211
2020-11-27,128.6999969482422
2020-11-30,128.75
2020-12-01,126.0
2020-12-02,125.6500015258789
2020-12-03,126.80000305175781
2020-12-04,123.94999694824219
2020-12-07,121.9000015258789
2020-12-08,126.0999984741211
2020-12-09,125.6500015258789
2020-12-10,120.9000015258789
2020-12-11,116.05000305175781
2020-12-14,114.25
2020-12-15,114.5
2020-12-16,117.55000305175781
2020-12-17,115.6500015258789
2020-12-18,117.19999694824219
2020-12-21,117.9000015258789
2020-12-22,118.9000015258789
2020-12-23,117.94999694824219
2020-12-24,118.94999694824219
2020-12-28,119.4000015258789
2020-12-29,120.75
2020-12-30,122.94999694824219
2020-12-31,123.25
2021-01-04,121.80000305175781
2021-01-05,123.30000305175781
2021-01-06,123.44999694824219
2021-01-07,124.4000015258789
2021-01-08,122.80000305175781
2021-01-11,122.25
2021-01-12,121.05000305175781
2021-01-13,124.5999984741211
2021-01-14,124.0
2021-01-15,121.8499984741211
2021-01-19,118.69999694824219
2021-01-20,118.30000305175781
2021-01-21,117.9000015258789
2021-01-22,116.9000015258789
2021-01-25,114.44999694824219
2021-01-26,116.19999694824219
2021-01-27,114.30000305175781
2021-01-28,113.1500015258789
2021-01-29,110.5999984741211
2021-02-01,108.0999984741211
2021-02-02,106.8499984741211
2021-02-03,108.30000305175781
2021-02-04,109.80000305175781
2021-02-05,111.25
2021-02-08,113.19999694824219
2021-02-09,112.25
2021-02-10,113.05000305175781
2021-02-11,112.1500015258789
2021-02-12,112.9000015258789
2021-02-16,113.8499984741211
2021-02-17,111.4000015258789
2021-02-18,109.3499984741211
2021-02-19,109.55000305175781
2021-02-22,109.0
2021-02-23,109.5
2021-02-24,111.9000015258789
2021-02-25,107.9000015258789
2021-02-26,106.75
2021-03-01,108.5999984741211
2021-03-02,109.4000015258789
2021-03-03,108.0999984741211
2021-03-04,109.0999984741211
2021-03-05,110.0999984741211
2021-03-08,110.44999694824219
2021-03-09,111.5
2021-03-10,112.0
2021-03-11,112.5
2021-03-12,115.55000305175781
2021-03-15,117.3499984741211
2021-03-16,119.4000015258789
2021-03-17,114.80000305175781
2021-03-18,116.55000305175781
2021-03-19,115.6500015258789
2021-03-22,114.80000305175781
2021-03-23,111.5
2021-03-24,110.4000015258789
2021-03-25,110.44999694824219
2021-03-26,111.19999694824219
2021-03-29,111.25
2021-03-30,111.0
2021-03-31,110.5999984741211
2021-04-01,109.94999694824219
2021-04-05,108.75
2021-04-06,109.19999694824219
2021-04-07,108.80000305175781
2021-04-08,109.30000305175781
2021-04-09,110.05000305175781
2021-04-12,109.30000305175781
2021-04-13,110.0
2021-04-14,111.0
2021-04-15,113.9000015258789
2021-04-16,113.94999694824219
2021-04-19,113.94999694824219
2021-04-20,111.4000015258789
2021-04-21,113.25
2021-04-22,112.94999694824219
2021-04-23,112.80000305175781
2021-04-26,111.5999984741211
2021-04-27,111.6500015258789
2021-04-28,110.80000305175781
2021-04-29,107.5999984741211
2021-04-30,109.55000305175781
2021-05-03,107.6500015258789
2021-05-04,105.3499984741211
2021-05-05,105.5999984741211
2021-05-06,108.4000015258789
2021-05-07,111.44999694824219
2021-05-10,113.55000305175781
2021-05-11,115.75
2021-05-12,114.0999984741211
2021-05-13,115.0
2021-05-14,116.30000305175781
2021-05-17,118.44999694824219
2021-05-18,117.0999984741211
2021-05-19,113.69999694824219
2021-05-20,116.75
2021-05-21,117.94999694824219
2021-05-24,117.05000305175781
2021-05-25,116.5
2021-05-26,117.05000305175781
2021-05-27,118.44999694824219
2021-05-28,118.6500015258789
2021-06-01,119.6500015258789
2021-06-02,120.1500015258789
2021-06-03,121.25
2021-06-04,122.1500015258789
2021-06-07,125.4000015258789
2021-06-08,127.30000305175781
2021-06-09,128.64999389648438
2021-06-10,127.5999984741211
2021-06-11,121.0
2021-06-14,117.6500015258789
2021-06-15,116.69999694824219
2021-06-16,119.25
2021-06-17,117.5999984741211
2021-06-18,116.6500015258789
2021-06-21,117.19999694824219
2021-06-22,118.1500015258789
2021-06-23,118.5999984741211
2021-06-24,118.6500015258789
2021-06-25,119.0999984741211
2021-06-28,116.6500015258789
2021-06-29,116.3499984741211
2021-06-30,118.55000305175781
2021-07-01,122.55000305175781
2021-07-02,124.05000305175781
2021-07-06,119.0999984741211
2021-07-07,122.75
2021-07-08,124.9000015258789
2021-07-09,124.8499984741211
2021-07-12,124.30000305175781
2021-07-13,127.1500015258789
2021-07-14,128.8000030517578
2021-07-15,132.89999389648438
2021-07-16,128.1999969482422
2021-07-19,127.94999694824219
2021-07-20,132.85000610351562
2021-07-21,131.5500030517578
2021-07-22,135.0
2021-07-23,137.35000610351562
2021-07-26,136.89999389648438
2021-07-27,142.5
2021-07-28,139.4499969482422
2021-07-29,136.60000610351562
2021-07-30,132.9499969482422
2021-08-02,128.25
2021-08-03,129.35000610351562
2021-08-04,132.9499969482422
2021-08-05,134.8000030517578
2021-08-06,135.89999389648438
2021-08-09,135.14999389648438
2021-08-10,138.3000030517578
2021-08-11,138.3000030517578
2021-08-12,133.4499969482422
2021-08-13,135.4499969482422
2021-08-16,131.35000610351562
2021-08-17,135.14999389648438
2021-08-18,132.5500030517578
2021-08-19,133.14999389648438
2021-08-20,136.5500030517578
2021-08-23,136.9499969482422
2021-08-24,141.5500030517578
2021-08-25,139.9499969482422
2021-08-26,143.6999969482422
2021-08-27,143.75
2021-08-30,136.14999389648438
2021-08-31,134.5500030517578
2021-09-01,140.0500030517578
2021-09-02,144.6999969482422
2021-09-03,143.8000030517578
2021-09-07,147.0
2021-09-08,143.10000610351562
2021-09-09,144.25
2021-09-10,147.10000610351562
2021-09-13,142.10000610351562
2021-09-14,141.64999389648438
2021-09-15,144.25
2021-09-16,142.5
2021-09-17,139.60000610351562
2021-09-20,137.85000610351562
2021-09-21,141.89999389648438
2021-09-22,140.0500030517578
2021-09-23,140.39999389648438
2021-09-24,138.64999389648438
2021-09-27,138.1999969482422
2021-09-28,133.5
2021-09-29,134.8000030517578
2021-09-30,132.5
2021-10-01,133.64999389648438
2021-10-04,135.89999389648438
2021-10-05,131.0
2021-10-06,130.89999389648438
2021-10-07,128.39999389648438
2021-10-08,128.5
2021-10-11,125.55000305175781
2021-10-12,127.0999984741211
2021-10-13,123.4000015258789
2021-10-14,123.0999984741211
2021-10-15,121.9000015258789
2021-10-18,118.4000015258789
2021-10-19,123.0
2021-10-20,121.69999694824219
2021-10-21,125.4000015258789
2021-10-22,126.0
2021-10-25,124.55000305175781
2021-10-26,122.6500015258789
2021-10-27,122.4000015258789
2021-10-28,120.80000305175781
2021-10-29,120.3499984741211
2021-11-01,120.5999984741211
2021-11-02,117.80000305175781
2021-11-03,116.9000015258789
2021-11-04,115.0
2021-11-05,117.0
2021-11-08,120.3499984741211
2021-11-09,122.25
2021-11-10,122.55000305175781
2021-11-11,127.44999694824219
2021-11-12,129.85000610351562
2021-11-15,129.35000610351562
2021-11-16,132.35000610351562
2021-11-17,131.9499969482422
2021-11-18,126.69999694824219
2021-11-19,127.30000305175781
2021-11-22,130.35000610351562
2021-11-23,130.14999389648438
2021-11-24,128.4499969482422
2021-11-26,123.5999984741211
2021-11-29,125.25
2021-11-30,122.9000015258789
2021-12-01,121.19999694824219
2021-12-02,121.9000015258789
2021-12-03,121.3499984741211
2021-12-06,125.05000305175781
2021-12-07,126.3499984741211
2021-12-08,128.39999389648438
2021-12-09,128.9499969482422
2021-12-10,127.4000015258789
2021-12-13,124.80000305175781
2021-12-14,130.35000610351562
2021-12-15,134.5500030517578
2021-12-16,137.39999389648438
2021-12-17,139.39999389648438
2021-12-20,142.39999389648438
2021-12-21,140.1999969482422
2021-12-22,147.25
2021-12-23,145.10000610351562
2021-12-27,139.39999389648438
2021-12-28,140.3000030517578
2021-12-29,136.6999969482422
2021-12-30,139.8000030517578
2021-12-31,146.3000030517578
2022-01-03,146.60000610351562
2022-01-04,146.35000610351562
2022-01-05,145.0500030517578
2022-01-06,143.39999389648438
2022-01-07,143.35000610351562
2022-01-10,143.39999389648438
2022-01-11,145.6999969482422
2022-01-12,144.89999389648438
2022-01-13,152.35000610351562
2022-01-14,149.75
2022-01-18,150.1999969482422
2022-01-19,155.39999389648438
2022-01-20,157.0
2022-01-21,157.0500030517578
2022-01-24,155.35000610351562
2022-01-25,155.85000610351562
2022-01-26,159.60000610351562
2022-01-27,161.5500030517578
2022-01-28,151.5500030517578
2022-01-31,147.64999389648438
2022-02-01,145.6999969482422
2022-02-02,145.8000030517578
2022-02-03,145.10000610351562
2022-02-04,138.89999389648438
2022-02-07,137.5
2022-02-08,142.10000610351562
2022-02-09,142.25
2022-02-10,139.6999969482422
2022-02-11,136.5500030517578
2022-02-14,133.6999969482422
2022-02-15,133.60000610351562
2022-02-16,132.5500030517578
2022-02-17,132.89999389648438
2022-02-18,134.8000030517578
2022-02-22,135.89999389648438
2022-02-23,136.4499969482422
2022-02-24,136.4499969482422
2022-02-25,136.10000610351562
2022-02-28,145.9499969482422
2022-03-01,150.1999969482422
2022-03-02,151.25
2022-03-03,149.0500030517578
2022-03-04,147.89999389648438
2022-03-07,137.89999389648438
2022-03-08,141.14999389648438
2022-03-09,137.9499969482422
2022-03-10,138.3000030517578
2022-03-11,138.6999969482422
2022-03-14,141.5
2022-03-15,142.64999389648438
2022-03-16,143.85000610351562
2022-03-17,144.60000610351562
2022-03-18,147.64999389648438
2022-03-21,147.8000030517578
2022-03-22,144.6999969482422
2022-03-23,146.35000610351562
2022-03-24,149.1999969482422
2022-03-25,150.89999389648438
2022-03-28,147.3000030517578
2022-03-29,145.8000030517578
2022-03-30,148.14999389648438
2022-03-31,151.9499969482422
2022-04-01,157.5500030517578
2022-04-04,159.1999969482422
2022-04-05,160.25
2022-04-06,159.5500030517578
2022-04-07,163.0500030517578
2022-04-08,167.5500030517578
2022-04-11,173.9499969482422
2022-04-12,172.10000610351562
2022-04-13,182.10000610351562
2022-04-14,181.0500030517578
2022-04-18,191.0
2022-04-19,171.89999389648438
2022-04-20,169.35000610351562
2022-04-21,173.0
2022-04-22,179.64999389648438
2022-04-25,173.6999969482422
2022-04-26,168.0
2022-04-27,171.1999969482422
2022-04-28,172.89999389648438
2022-04-29,182.39999389648438
2022-05-02,177.75
2022-05-03,184.14999389648438
2022-05-04,178.5500030517578
2022-05-05,187.3000030517578
2022-05-06,190.14999389648438
2022-05-09,185.8000030517578
2022-05-10,176.35000610351562
2022-05-11,168.5
2022-05-12,164.4499969482422
2022-05-13,167.0500030517578
2022-05-16,175.5500030517578
2022-05-17,175.3000030517578
2022-05-18,168.8000030517578
2022-05-19,167.89999389648438
2022-05-20,172.4499969482422
2022-05-23,176.60000610351562
2022-05-24,178.35000610351562
2022-05-25,174.39999389648438
2022-05-26,183.39999389648438
2022-05-27,183.0500030517578
2022-05-31,177.35000610351562
2022-06-01,180.35000610351562
2022-06-02,180.25
2022-06-03,180.6999969482422
2022-06-06,181.25
2022-06-07,183.64999389648438
2022-06-08,191.35000610351562
2022-06-09,184.39999389648438
2022-06-10,185.0500030517578
2022-06-13,179.8000030517578
2022-06-14,178.14999389648438
2022-06-15,177.6999969482422
2022-06-16,175.5
2022-06-17,172.75
2022-06-21,170.8000030517578
2022-06-22,169.39999389648438
2022-06-23,166.1999969482422
2022-06-24,164.14999389648438
2022-06-27,168.14999389648438
2022-06-28,177.8000030517578
2022-06-29,179.5
2022-06-30,179.64999389648438
2022-07-01,177.10000610351562
2022-07-05,172.9499969482422
2022-07-06,180.6999969482422
2022-07-07,173.64999389648438
2022-07-08,174.89999389648438
2022-07-11,175.1999969482422
2022-07-12,156.39999389648438
2022-07-13,152.3000030517578
2022-07-14,151.8000030517578
2022-07-15,150.64999389648438
2022-07-18,151.89999389648438
2022-07-19,157.35000610351562
2022-07-20,154.6999969482422
2022-07-21,153.39999389648438
2022-07-22,152.85000610351562
2022-07-25,151.75
2022-07-26,157.5
2022-07-27,166.6999969482422
2022-07-28,169.25
2022-07-29,172.0
2022-08-01,170.10000610351562
2022-08-02,171.89999389648438
2022-08-03,176.64999389648438
2022-08-04,179.4499969482422
2022-08-05,182.85000610351562
2022-08-08,176.4499969482422
2022-08-09,177.10000610351562
2022-08-10,181.0500030517578
2022-08-11,182.14999389648438
2022-08-12,181.0500030517578
2022-08-15,176.14999389648438
2022-08-16,175.1999969482422
2022-08-17,170.14999389648438
2022-08-18,167.85000610351562
2022-08-19,169.75
2022-08-22,168.85000610351562
2022-08-23,169.9499969482422
2022-08-24,168.60000610351562
2022-08-25,169.4499969482422
2022-08-26,174.60000610351562
2022-08-29,179.5500030517578
2022-08-30,188.64999389648438
2022-08-31,198.5500030517578
2022-09-01,193.0
2022-09-02,185.35000610351562
2022-09-06,178.5
2022-09-07,175.89999389648438
2022-09-08,177.5500030517578
2022-09-09,180.1999969482422
2022-09-12,181.0500030517578
2022-09-13,168.35000610351562
2022-09-14,167.35000610351562
2022-09-15,169.5500030517578
2022-09-16,173.35000610351562
2022-09-19,176.5
2022-09-20,180.3000030517578
2022-09-21,179.1999969482422
2022-09-22,181.14999389648438
2022-09-23,184.0
2022-09-26,178.5
2022-09-27,182.25
2022-09-28,188.3000030517578
2022-09-29,190.4499969482422
2022-09-30,191.39999389648438
2022-10-03,198.25
2022-10-04,198.9499969482422
2022-10-05,190.9499969482422
2022-10-06,188.0
2022-10-07,192.85000610351562
2022-10-10,186.60000610351562
2022-10-11,190.39999389648438
2022-10-12,197.8000030517578
2022-10-13,193.85000610351562
2022-10-14,195.6999969482422
2022-10-17,199.14999389648438
2022-10-18,208.6999969482422
2022-10-19,210.8000030517578
2022-10-20,211.1999969482422
2022-10-21,209.8000030517578
2022-10-24,217.9499969482422
2022-10-25,215.4499969482422
2022-10-26,216.14999389648438
2022-10-27,206.9499969482422
2022-10-28,207.1999969482422
2022-10-31,206.35000610351562
2022-11-01,207.6999969482422
2022-11-02,209.39999389648438
2022-11-03,221.14999389648438
2022-11-04,227.8000030517578
2022-11-07,230.8000030517578
2022-11-08,225.8000030517578
2022-11-09,228.85000610351562
2022-11-10,208.1999969482422
2022-11-11,203.3000030517578
2022-11-14,194.9499969482422
2022-11-15,198.0
2022-11-16,202.64999389648438
2022-11-17,201.0
2022-11-18,201.14999389648438
2022-11-21,205.75
2022-11-22,207.35000610351562
2022-11-23,206.39999389648438
2022-11-25,210.8000030517578
2022-11-28,206.64999389648438
2022-11-29,205.0500030517578
2022-11-30,200.6999969482422
2022-12-01,197.8000030517578
2022-12-02,203.5500030517578
2022-12-05,205.64999389648438
2022-12-06,208.5
2022-12-07,218.5
2022-12-08,224.25
2022-12-09,215.14999389648438
2022-12-12,209.1999969482422
2022-12-13,207.6999969482422
2022-12-14,210.1999969482422
2022-12-15,207.1999969482422
2022-12-16,210.25
2022-12-19,208.0
2022-12-20,208.3000030517578
2022-12-21,213.4499969482422
2022-12-22,210.60000610351562
2022-12-23,206.75
2022-12-27,204.5
2022-12-28,203.1999969482422
2022-12-29,206.3000030517578
2022-12-30,206.39999389648438
2023-01-03,203.6999969482422
2023-01-04,205.4499969482422
2023-01-05,207.75
2023-01-06,208.6999969482422
2023-01-09,208.89999389648438
2023-01-10,208.64999389648438
2023-01-11,207.60000610351562
2023-01-12,207.39999389648438
2023-01-13,207.1999969482422
2023-01-17,206.1999969482422
2023-01-18,205.5500030517578
2023-01-19,204.1999969482422
2023-01-20,203.5
2023-01-23,204.39999389648438
2023-01-24,203.8000030517578
2023-01-25,204.10000610351562
2023-01-26,205.5
2023-01-27,205.75
2023-01-30,209.3000030517578
2023-01-31,219.1999969482422
2023-02-01,229.1999969482422
2023-02-02,239.10000610351562
2023-02-03,241.75
2023-02-06,243.14999389648438
2023-02-07,248.89999389648438
2023-02-08,256.95001220703125
2023-02-09,262.54998779296875
2023-02-10,252.5500030517578
2023-02-13,232.85000610351562
2023-02-14,234.4499969482422
2023-02-15,230.9499969482422
2023-02-16,234.5500030517578
2023-02-17,240.1999969482422
2023-02-21,236.10000610351562
2023-02-22,241.1999969482422
2023-02-23,243.5
2023-02-24,253.5
2023-02-27,273.5
2023-02-28,279.3500061035156
2023-03-01,269.3500061035156
2023-03-02,256.45001220703125
2023-03-03,258.1499938964844
2023-03-06,261.70001220703125
2023-03-07,269.79998779296875
2023-03-08,262.25
2023-03-09,273.25
2023-03-10,269.04998779296875
2023-03-13,263.1499938964844
2023-03-14,244.60000610351562
2023-03-15,240.14999389648438
2023-03-16,239.6999969482422
2023-03-17,242.5500030517578
2023-03-20,238.14999389648438
2023-03-21,238.5
2023-03-22,240.4499969482422
2023-03-23,243.9499969482422
2023-03-24,253.9499969482422
2023-03-27,252.5500030517578
2023-03-28,252.39999389648438
2023-03-29,262.3999938964844
2023-03-30,266.29998779296875
2023-03-31,269.5
2023-04-03,272.54998779296875
2023-04-04,276.70001220703125
2023-04-05,282.20001220703125
2023-04-06,275.5
2023-04-10,277.5
2023-04-11,284.8999938964844
2023-04-12,278.1000061035156
2023-04-13,280.3999938964844
2023-04-14,274.8500061035156
2023-04-17,272.8500061035156
2023-04-18,274.1000061035156
2023-04-19,271.8500061035156
2023-04-20,274.3999938964844
2023-04-21,275.3500061035156
2023-04-24,278.1499938964844
2023-04-25,286.29998779296875
2023-04-26,276.29998779296875
2023-04-27,270.1000061035156
2023-04-28,267.54998779296875
2023-05-01,271.8999938964844
2023-05-02,270.8999938964844
2023-05-03,274.45001220703125
2023-05-04,271.0
2023-05-05,274.20001220703125
2023-05-08,278.6000061035156
2023-05-09,266.29998779296875
2023-05-10,266.5
2023-05-11,249.14999389648438
2023-05-12,242.75
2023-05-15,250.89999389648438
2023-05-16,255.10000610351562
2023-05-17,251.9499969482422
2023-05-18,253.14999389648438
2023-05-19,258.20001220703125
2023-05-22,268.20001220703125
2023-05-23,286.79998779296875
2023-05-24,293.8999938964844
2023-05-25,290.5
2023-05-26,291.95001220703125
2023-05-30,282.29998779296875
2023-05-31,282.20001220703125
2023-06-01,283.54998779296875
2023-06-02,279.8999938964844
2023-06-05,274.1499938964844
2023-06-06,267.0
2023-06-07,257.6499938964844
2023-06-08,258.3500061035156
2023-06-09,257.95001220703125
2023-06-12,259.3999938964844
2023-06-13,254.0500030517578
2023-06-14,256.3999938964844
2023-06-15,266.3999938964844
2023-06-16,265.6499938964844
2023-06-20,267.54998779296875
2023-06-21,257.54998779296875
2023-06-22,267.20001220703125
2023-06-23,263.3500061035156
2023-06-26,265.1000061035156
2023-06-27,266.20001220703125
2023-06-28,264.25
2023-06-29,274.25
2023-06-30,271.75
2023-07-03,278.0
2023-07-05,285.25
2023-07-06,288.04998779296875
2023-07-07,295.8999938964844
2023-07-10,296.0
2023-07-11,298.5
2023-07-12,272.3999938964844
2023-07-13,271.25
2023-07-14,272.5
2023-07-17,273.8999938964844
2023-07-18,282.29998779296875
2023-07-19,287.70001220703125
2023-07-20,290.3500061035156
2023-07-21,299.8999938964844
2023-07-24,305.70001220703125
2023-07-25,309.6499938964844
2023-07-26,315.3999938964844
2023-07-27,317.1000061035156
2023-07-28,316.8500061035156
2023-07-31,316.20001220703125
2023-08-01,312.5
2023-08-02,302.5
2023-08-03,299.25
2023-08-04,301.3999938964844
2023-08-07,305.1499938964844
2023-08-08,296.95001220703125
2023-08-09,300.54998779296875
2023-08-10,300.45001220703125
2023-08-11,302.04998779296875
2023-08-14,301.04998779296875
2023-08-15,311.04998779296875
2023-08-16,331.04998779296875
2023-08-17,316.8500061035156
2023-08-18,326.3999938964844
2023-08-21,320.20001220703125
2023-08-22,318.04998779296875
2023-08-23,319.04998779296875
2023-08-24,315.54998779296875
2023-08-25,324.04998779296875
2023-08-28,321.8999938964844
2023-08-29,324.29998779296875
2023-08-30,334.29998779296875
2023-08-31,328.1499938964844
2023-09-01,327.3500061035156
2023-09-05,332.1499938964844
2023-09-06,346.1499938964844
2023-09-07,350.95001220703125
2023-09-08,349.6000061035156
2023-09-11,343.45001220703125
2023-09-12,331.5
2023-09-13,325.70001220703125
2023-09-14,331.20001220703125
2023-09-15,331.25
2023-09-18,339.04998779296875
2023-09-19,340.0
2023-09-20,343.3999938964844
2023-09-21,340.54998779296875
2023-09-22,341.6000061035156
2023-09-25,339.3999938964844
2023-09-26,349.3999938964844
2023-09-27,355.1000061035156
2023-09-28,345.79998779296875
2023-09-29,349.75
2023-10-02,354.79998779296875
2023-10-03,356.20001220703125
2023-10-04,365.95001220703125
2023-10-05,375.95001220703125
2023-10-06,377.20001220703125
2023-10-09,375.6499938964844
2023-10-10,381.1499938964844
2023-10-11,378.04998779296875
2023-10-12,385.25
2023-10-13,385.8999938964844
2023-10-16,382.70001220703125
2023-10-17,384.8999938964844
2023-10-18,379.8500061035156
2023-10-19,385.3500061035156
2023-10-20,391.20001220703125
2023-10-23,389.04998779296875
2023-10-24,390.79998779296875
2023-10-25,393.45001220703125
2023-10-26,396.8500061035156
2023-10-27,401.95001220703125
2023-10-30,411.95001220703125
2023-10-31,417.70001220703125
2023-11-01,408.95001220703125
2023-11-02,378.1499938964844
2023-11-03,374.3500061035156
2023-11-06,387.04998779296875
2023-11-07,392.5
2023-11-08,406.8500061035156
2023-11-09,410.1499938964844
2023-11-10,371.6499938964844
2023-11-13,379.20001220703125
2023-11-14,389.20001220703125
2023-11-15,398.0
2023-11-16,408.0
2023-11-17,415.79998779296875
2023-11-20,425.79998779296875
2023-11-21,415.79998779296875
2023-11-22,420.70001220703125
2023-11-23,420.70001220703125
2023-11-24,411.1000061035156
2023-11-27,404.29998779296875
2023-11-28,414.29998779296875
2023-11-29,411.0
2023-11-30,401.0
2023-12-01,394.20001220703125
2023-12-04,384.20001220703125
2023-12-05,366.25
2023-12-06,361.79998779296875
2023-12-07,371.79998779296875
2023-12-08,371.3500061035156
2023-12-11,381.3500061035156
2023-12-12,371.04998779296875
2023-12-13,362.6499938964844
2023-12-14,372.6499938964844
2023-12-15,371.04998779296875
2023-12-18,372.6499938964844
2023-12-19,364.20001220703125
2023-12-20,354.20001220703125
2023-12-21,344.20001220703125
2023-12-22,328.6499938964844
2023-12-26,326.3500061035156
2023-12-27,325.6000061035156
